[{"model": "booking.commonuser", "pk": 1, "fields": {"password": "pbkdf2_sha256$390000$Bysc795rMjHTZncRy9oS7k$yurwgVSxso4zG78KS7xoRX6vP7dy8MYiHrmciL7Haeo=", "last_login": "2023-03-05T07:10:17.966Z", "is_superuser": true, "username": "admin", "first_name": "", "last_name": "", "email": "", "is_staff": true, "is_active": true, "date_joined": "2023-03-05T07:09:35.971Z", "uid": "6dbc678a-6402-93c2-d9d6-ce7beeebdfcb", "groups": [], "user_permissions": []}}, {"model": "booking.commonuser", "pk": 10, "fields": {"password": "levtech2023", "last_login": "2023-03-05T07:23:03Z", "is_superuser": false, "username": "guest1", "first_name": "taro", "last_name": "guest", "email": "taro@guest.com", "is_staff": false, "is_active": true, "date_joined": "2023-03-05T07:25:05Z", "uid": "ed59a37f-e981-47e0-ad93-6f520ee0d54e", "groups": [], "user_permissions": []}}, {"model": "booking.commonuser", "pk": 11, "fields": {"password": "levtech2023", "last_login": "2023-03-05T07:26:29Z", "is_superuser": false, "username": "guest2", "first_name": "二郎", "last_name": "ゲスト", "email": "jiro@guest.com", "is_staff": false, "is_active": true, "date_joined": "2023-03-05T07:26:25Z", "uid": "248902a6-9cd2-42b4-a9d8-038877049c24", "groups": [], "user_permissions": []}}, {"model": "booking.commonuser", "pk": 12, "fields": {"password": "levtech2023", "last_login": "2023-03-05T07:27:25Z", "is_superuser": false, "username": "host1", "first_name": "太郎", "last_name": "ホスト", "email": "taro@host.com", "is_staff": false, "is_active": true, "date_joined": "2023-03-05T07:27:20Z", "uid": "dfd0ff9d-84a0-4528-85d1-b86cc9b556a7", "groups": [], "user_permissions": []}}, {"model": "booking.commonuser", "pk": 13, "fields": {"password": "levtech2023", "last_login": "2023-03-05T07:28:09Z", "is_superuser": false, "username": "host2", "first_name": "二郎", "last_name": "ホスト", "email": "jiro@host.com", "is_staff": false, "is_active": true, "date_joined": "2023-03-05T07:28:02Z", "uid": "fa42bb36-5f1a-4340-be9e-eebf4a1a22e5", "groups": [], "user_permissions": []}}, {"model": "booking.hostuser", "pk": 12, "fields": {"display_name": "ホスト太郎", "photo": "images/画像1_upJX8ya.jpg", "bio": "ホスト太郎です。こんにちは。", "website": "https://katsurao-diary.com/"}}, {"model": "booking.hostuser", "pk": 13, "fields": {"display_name": "ホスト二郎", "photo": "images/画像1_pq3LPLO.jpg", "bio": "三田本店！", "website": "https://katsurao-diary.com/"}}, {"model": "booking.guestuser", "pk": 10, "fields": {"display_name": "ゲスト太郎", "photo": "images/画像1_Rb8CJny.jpg", "bio": "こんにちは。ゲスト太郎です。", "website": "https://katsurao-diary.com/"}}, {"model": "booking.guestuser", "pk": 11, "fields": {"display_name": "ゲスト二郎", "photo": "images/画像1_8fzHxe7.jpg", "bio": "こんばんは。ゲスト二郎です。", "website": "https://katsurao-diary.com/"}}, {"model": "booking.facility", "pk": "a12820eb-32ef-4baa-9387-27a29094c679", "fields": {"name": "せせらぎ荘", "post_code": "9791603", "address": "福島県双葉郡葛尾村落合菅ノ又６−５", "host": 12}}, {"model": "booking.facility", "pk": "a7fda8e7-7375-4393-a01a-73e141609964", "fields": {"name": "ZICCA", "post_code": "9791603", "address": "福島県双葉郡葛尾村野川 十良内１１８−２", "host": 13}}, {"model": "booking.room", "pk": 3, "fields": {"room_id": 1, "facility": "a12820eb-32ef-4baa-9387-27a29094c679"}}, {"model": "booking.room", "pk": 4, "fields": {"room_id": 2, "facility": "a12820eb-32ef-4baa-9387-27a29094c679"}}, {"model": "booking.room", "pk": 6, "fields": {"room_id": 1, "facility": "a7fda8e7-7375-4393-a01a-73e141609964"}}, {"model": "booking.room", "pk": 7, "fields": {"room_id": 2, "facility": "a7fda8e7-7375-4393-a01a-73e141609964"}}, {"model": "booking.reservationframe", "pk": 2, "fields": {"date": "2023-03-04", "is_reserved": false, "room": 3}}, {"model": "booking.reservationframe", "pk": 3, "fields": {"date": "2023-03-05", "is_reserved": false, "room": 3}}, {"model": "booking.reservationframe", "pk": 4, "fields": {"date": "2023-03-06", "is_reserved": false, "room": 3}}, {"model": "booking.reservationframe", "pk": 5, "fields": {"date": "2023-03-07", "is_reserved": false, "room": 3}}, {"model": "booking.reservationframe", "pk": 6, "fields": {"date": "2023-03-08", "is_reserved": false, "room": 3}}, {"model": "booking.reservationframe", "pk": 7, "fields": {"date": "2023-03-09", "is_reserved": false, "room": 3}}, {"model": "booking.reservationframe", "pk": 8, "fields": {"date": "2023-03-10", "is_reserved": false, "room": 3}}, {"model": "booking.reservationframe", "pk": 9, "fields": {"date": "2023-03-04", "is_reserved": false, "room": 4}}, {"model": "booking.reservationframe", "pk": 10, "fields": {"date": "2023-03-05", "is_reserved": false, "room": 4}}, {"model": "booking.reservationframe", "pk": 11, "fields": {"date": "2023-03-06", "is_reserved": false, "room": 4}}, {"model": "booking.reservationframe", "pk": 12, "fields": {"date": "2023-03-07", "is_reserved": false, "room": 4}}, {"model": "booking.reservationframe", "pk": 13, "fields": {"date": "2023-03-08", "is_reserved": false, "room": 4}}, {"model": "booking.reservationframe", "pk": 14, "fields": {"date": "2023-03-09", "is_reserved": false, "room": 4}}, {"model": "booking.reservationframe", "pk": 15, "fields": {"date": "2023-03-10", "is_reserved": false, "room": 4}}, {"model": "booking.reservationframe", "pk": 16, "fields": {"date": "2023-03-04", "is_reserved": false, "room": 6}}, {"model": "booking.reservationframe", "pk": 17, "fields": {"date": "2023-03-05", "is_reserved": false, "room": 6}}, {"model": "booking.reservationframe", "pk": 18, "fields": {"date": "2023-03-06", "is_reserved": false, "room": 6}}, {"model": "booking.reservationframe", "pk": 19, "fields": {"date": "2023-03-07", "is_reserved": false, "room": 6}}, {"model": "booking.reservationframe", "pk": 20, "fields": {"date": "2023-03-08", "is_reserved": false, "room": 6}}, {"model": "booking.reservationframe", "pk": 21, "fields": {"date": "2023-03-09", "is_reserved": false, "room": 6}}, {"model": "booking.reservationframe", "pk": 22, "fields": {"date": "2023-03-10", "is_reserved": false, "room": 6}}, {"model": "booking.reservationframe", "pk": 23, "fields": {"date": "2023-03-04", "is_reserved": false, "room": 7}}, {"model": "booking.reservationframe", "pk": 24, "fields": {"date": "2023-03-05", "is_reserved": false, "room": 7}}, {"model": "booking.reservationframe", "pk": 25, "fields": {"date": "2023-03-06", "is_reserved": false, "room": 7}}, {"model": "booking.reservationframe", "pk": 26, "fields": {"date": "2023-03-07", "is_reserved": false, "room": 7}}, {"model": "booking.reservationframe", "pk": 27, "fields": {"date": "2023-03-08", "is_reserved": false, "room": 7}}, {"model": "booking.reservationframe", "pk": 28, "fields": {"date": "2023-03-09", "is_reserved": false, "room": 7}}, {"model": "booking.reservationframe", "pk": 29, "fields": {"date": "2023-03-10", "is_reserved": false, "room": 7}}]